path,label,start_sec,clip_fps,T
data/raw/shoplifting/normal/normal-56.mp4,normal,5.115,8,16
data/raw/shoplifting/normal/normal-56.mp4,normal,0.200,8,16
data/raw/shoplifting/normal/normal-56.mp4,normal,2.200,8,16
data/raw/shoplifting/normal/normal-56.mp4,normal,1.786,8,16
data/raw/shoplifting/normal/normal-56.mp4,normal,5.892,8,16
data/raw/shoplifting/normal/normal-56.mp4,normal,5.414,8,16
data/raw/shoplifting/normal/normal-60.mp4,normal,7.137,8,16
data/raw/shoplifting/normal/normal-60.mp4,normal,0.696,8,16
data/raw/shoplifting/normal/normal-60.mp4,normal,3.375,8,16
data/raw/shoplifting/normal/normal-60.mp4,normal,0.238,8,16
data/raw/shoplifting/normal/normal-60.mp4,normal,1.749,8,16
data/raw/shoplifting/normal/normal-60.mp4,normal,4.043,8,16
data/raw/shoplifting/normal/normal-54.mp4,normal,0.212,8,16
data/raw/shoplifting/normal/normal-54.mp4,normal,1.591,8,16
data/raw/shoplifting/normal/normal-54.mp4,normal,5.199,8,16
data/raw/shoplifting/normal/normal-54.mp4,normal,4.360,8,16
data/raw/shoplifting/normal/normal-54.mp4,normal,1.764,8,16
data/raw/shoplifting/normal/normal-54.mp4,normal,4.714,8,16
data/raw/shoplifting/normal/normal-87.mp4,normal,6.475,8,16
data/raw/shoplifting/normal/normal-87.mp4,normal,0.052,8,16
data/raw/shoplifting/normal/normal-87.mp4,normal,6.447,8,16
data/raw/shoplifting/normal/normal-87.mp4,normal,5.585,8,16
data/raw/shoplifting/normal/normal-87.mp4,normal,2.722,8,16
data/raw/shoplifting/normal/normal-87.mp4,normal,1.244,8,16
data/raw/shoplifting/normal/normal-81.mp4,normal,7.658,8,16
data/raw/shoplifting/normal/normal-81.mp4,normal,2.693,8,16
data/raw/shoplifting/normal/normal-81.mp4,normal,0.742,8,16
data/raw/shoplifting/normal/normal-81.mp4,normal,0.774,8,16
data/raw/shoplifting/normal/normal-81.mp4,normal,6.780,8,16
data/raw/shoplifting/normal/normal-81.mp4,normal,4.830,8,16
data/raw/shoplifting/normal/normal-67.mp4,normal,6.457,8,16
data/raw/shoplifting/normal/normal-67.mp4,normal,5.838,8,16
data/raw/shoplifting/normal/normal-67.mp4,normal,4.290,8,16
data/raw/shoplifting/normal/normal-67.mp4,normal,7.785,8,16
data/raw/shoplifting/normal/normal-67.mp4,normal,3.028,8,16
data/raw/shoplifting/normal/normal-67.mp4,normal,4.416,8,16
data/raw/shoplifting/normal/normal-4.mp4,normal,6.635,8,16
data/raw/shoplifting/normal/normal-4.mp4,normal,4.948,8,16
data/raw/shoplifting/normal/normal-4.mp4,normal,6.894,8,16
data/raw/shoplifting/normal/normal-4.mp4,normal,4.619,8,16
data/raw/shoplifting/normal/normal-4.mp4,normal,5.637,8,16
data/raw/shoplifting/normal/normal-4.mp4,normal,0.367,8,16
data/raw/shoplifting/normal/normal-17.mp4,normal,1.823,8,16
data/raw/shoplifting/normal/normal-17.mp4,normal,2.315,8,16
data/raw/shoplifting/normal/normal-17.mp4,normal,0.638,8,16
data/raw/shoplifting/normal/normal-17.mp4,normal,1.862,8,16
data/raw/shoplifting/normal/normal-17.mp4,normal,0.808,8,16
data/raw/shoplifting/normal/normal-17.mp4,normal,2.224,8,16
data/raw/shoplifting/normal/normal-43.mp4,normal,5.085,8,16
data/raw/shoplifting/normal/normal-43.mp4,normal,2.919,8,16
data/raw/shoplifting/normal/normal-43.mp4,normal,2.961,8,16
data/raw/shoplifting/normal/normal-43.mp4,normal,1.676,8,16
data/raw/shoplifting/normal/normal-43.mp4,normal,2.136,8,16
data/raw/shoplifting/normal/normal-43.mp4,normal,7.493,8,16
data/raw/shoplifting/normal/normal-74.mp4,normal,5.184,8,16
data/raw/shoplifting/normal/normal-74.mp4,normal,4.873,8,16
data/raw/shoplifting/normal/normal-74.mp4,normal,1.369,8,16
data/raw/shoplifting/normal/normal-74.mp4,normal,5.833,8,16
data/raw/shoplifting/normal/normal-74.mp4,normal,1.307,8,16
data/raw/shoplifting/normal/normal-74.mp4,normal,3.036,8,16
data/raw/shoplifting/normal/normal-37.mp4,normal,7.916,8,16
data/raw/shoplifting/normal/normal-37.mp4,normal,5.120,8,16
data/raw/shoplifting/normal/normal-37.mp4,normal,4.456,8,16
data/raw/shoplifting/normal/normal-37.mp4,normal,5.477,8,16
data/raw/shoplifting/normal/normal-37.mp4,normal,6.743,8,16
data/raw/shoplifting/normal/normal-37.mp4,normal,6.208,8,16
data/raw/shoplifting/normal/normal-49.mp4,normal,1.832,8,16
data/raw/shoplifting/normal/normal-49.mp4,normal,0.257,8,16
data/raw/shoplifting/normal/normal-49.mp4,normal,2.524,8,16
data/raw/shoplifting/normal/normal-49.mp4,normal,2.142,8,16
data/raw/shoplifting/normal/normal-49.mp4,normal,1.688,8,16
data/raw/shoplifting/normal/normal-49.mp4,normal,7.543,8,16
data/raw/shoplifting/normal/normal-65.mp4,normal,7.011,8,16
data/raw/shoplifting/normal/normal-65.mp4,normal,2.517,8,16
data/raw/shoplifting/normal/normal-65.mp4,normal,5.244,8,16
data/raw/shoplifting/normal/normal-65.mp4,normal,3.165,8,16
data/raw/shoplifting/normal/normal-65.mp4,normal,7.316,8,16
data/raw/shoplifting/normal/normal-65.mp4,normal,3.671,8,16
data/raw/shoplifting/normal/normal-47.mp4,normal,2.119,8,16
data/raw/shoplifting/normal/normal-47.mp4,normal,1.973,8,16
data/raw/shoplifting/normal/normal-47.mp4,normal,4.491,8,16
data/raw/shoplifting/normal/normal-47.mp4,normal,2.102,8,16
data/raw/shoplifting/normal/normal-47.mp4,normal,4.677,8,16
data/raw/shoplifting/normal/normal-47.mp4,normal,7.183,8,16
data/raw/shoplifting/normal/normal-45.mp4,normal,3.195,8,16
data/raw/shoplifting/normal/normal-45.mp4,normal,1.755,8,16
data/raw/shoplifting/normal/normal-45.mp4,normal,7.980,8,16
data/raw/shoplifting/normal/normal-45.mp4,normal,4.076,8,16
data/raw/shoplifting/normal/normal-45.mp4,normal,0.727,8,16
data/raw/shoplifting/normal/normal-45.mp4,normal,0.377,8,16
data/raw/shoplifting/normal/normal-9.mp4,normal,0.877,8,16
data/raw/shoplifting/normal/normal-9.mp4,normal,5.020,8,16
data/raw/shoplifting/normal/normal-9.mp4,normal,6.337,8,16
data/raw/shoplifting/normal/normal-9.mp4,normal,3.377,8,16
data/raw/shoplifting/normal/normal-9.mp4,normal,0.508,8,16
data/raw/shoplifting/normal/normal-9.mp4,normal,3.053,8,16
data/raw/shoplifting/normal/normal-51.mp4,normal,7.969,8,16
data/raw/shoplifting/normal/normal-51.mp4,normal,4.233,8,16
data/raw/shoplifting/normal/normal-51.mp4,normal,7.769,8,16
data/raw/shoplifting/normal/normal-51.mp4,normal,6.886,8,16
data/raw/shoplifting/normal/normal-51.mp4,normal,0.092,8,16
data/raw/shoplifting/normal/normal-51.mp4,normal,5.766,8,16
data/raw/shoplifting/normal/normal-8.mp4,normal,5.454,8,16
data/raw/shoplifting/normal/normal-8.mp4,normal,4.296,8,16
data/raw/shoplifting/normal/normal-8.mp4,normal,2.135,8,16
data/raw/shoplifting/normal/normal-8.mp4,normal,5.128,8,16
data/raw/shoplifting/normal/normal-8.mp4,normal,0.892,8,16
data/raw/shoplifting/normal/normal-8.mp4,normal,3.478,8,16
data/raw/shoplifting/normal/normal-20.mp4,normal,3.630,8,16
data/raw/shoplifting/normal/normal-20.mp4,normal,7.631,8,16
data/raw/shoplifting/normal/normal-20.mp4,normal,7.007,8,16
data/raw/shoplifting/normal/normal-20.mp4,normal,2.107,8,16
data/raw/shoplifting/normal/normal-20.mp4,normal,4.005,8,16
data/raw/shoplifting/normal/normal-20.mp4,normal,1.429,8,16
data/raw/shoplifting/normal/normal-42.mp4,normal,7.301,8,16
data/raw/shoplifting/normal/normal-42.mp4,normal,6.964,8,16
data/raw/shoplifting/normal/normal-42.mp4,normal,2.388,8,16
data/raw/shoplifting/normal/normal-42.mp4,normal,5.112,8,16
data/raw/shoplifting/normal/normal-42.mp4,normal,4.872,8,16
data/raw/shoplifting/normal/normal-42.mp4,normal,1.223,8,16
data/raw/shoplifting/normal/normal-30.mp4,normal,6.100,8,16
data/raw/shoplifting/normal/normal-30.mp4,normal,4.315,8,16
data/raw/shoplifting/normal/normal-30.mp4,normal,6.229,8,16
data/raw/shoplifting/normal/normal-30.mp4,normal,4.243,8,16
data/raw/shoplifting/normal/normal-30.mp4,normal,0.005,8,16
data/raw/shoplifting/normal/normal-30.mp4,normal,2.593,8,16
data/raw/shoplifting/normal/normal-26.mp4,normal,0.156,8,16
data/raw/shoplifting/normal/normal-26.mp4,normal,7.433,8,16
data/raw/shoplifting/normal/normal-26.mp4,normal,7.030,8,16
data/raw/shoplifting/normal/normal-26.mp4,normal,6.653,8,16
data/raw/shoplifting/normal/normal-26.mp4,normal,2.460,8,16
data/raw/shoplifting/normal/normal-26.mp4,normal,0.463,8,16
data/raw/shoplifting/normal/normal-69.mp4,normal,7.024,8,16
data/raw/shoplifting/normal/normal-69.mp4,normal,7.576,8,16
data/raw/shoplifting/normal/normal-69.mp4,normal,0.685,8,16
data/raw/shoplifting/normal/normal-69.mp4,normal,3.888,8,16
data/raw/shoplifting/normal/normal-69.mp4,normal,0.554,8,16
data/raw/shoplifting/normal/normal-69.mp4,normal,6.085,8,16
data/raw/shoplifting/normal/normal-71.mp4,normal,6.127,8,16
data/raw/shoplifting/normal/normal-71.mp4,normal,1.027,8,16
data/raw/shoplifting/normal/normal-71.mp4,normal,3.802,8,16
data/raw/shoplifting/normal/normal-71.mp4,normal,4.398,8,16
data/raw/shoplifting/normal/normal-71.mp4,normal,2.120,8,16
data/raw/shoplifting/normal/normal-71.mp4,normal,6.979,8,16
data/raw/shoplifting/normal/normal-57.mp4,normal,3.385,8,16
data/raw/shoplifting/normal/normal-57.mp4,normal,1.694,8,16
data/raw/shoplifting/normal/normal-57.mp4,normal,4.314,8,16
data/raw/shoplifting/normal/normal-57.mp4,normal,5.839,8,16
data/raw/shoplifting/normal/normal-57.mp4,normal,1.609,8,16
data/raw/shoplifting/normal/normal-57.mp4,normal,2.494,8,16
data/raw/shoplifting/normal/normal-16.mp4,normal,7.961,8,16
data/raw/shoplifting/normal/normal-16.mp4,normal,5.199,8,16
data/raw/shoplifting/normal/normal-16.mp4,normal,3.505,8,16
data/raw/shoplifting/normal/normal-16.mp4,normal,4.141,8,16
data/raw/shoplifting/normal/normal-16.mp4,normal,0.968,8,16
data/raw/shoplifting/normal/normal-16.mp4,normal,1.798,8,16
data/raw/shoplifting/normal/normal-40.mp4,normal,2.705,8,16
data/raw/shoplifting/normal/normal-40.mp4,normal,4.706,8,16
data/raw/shoplifting/normal/normal-40.mp4,normal,1.841,8,16
data/raw/shoplifting/normal/normal-40.mp4,normal,1.762,8,16
data/raw/shoplifting/normal/normal-40.mp4,normal,0.568,8,16
data/raw/shoplifting/normal/normal-40.mp4,normal,5.049,8,16
data/raw/shoplifting/normal/normal-76.mp4,normal,1.832,8,16
data/raw/shoplifting/normal/normal-76.mp4,normal,7.243,8,16
data/raw/shoplifting/normal/normal-76.mp4,normal,6.877,8,16
data/raw/shoplifting/normal/normal-76.mp4,normal,0.567,8,16
data/raw/shoplifting/normal/normal-76.mp4,normal,1.904,8,16
data/raw/shoplifting/normal/normal-76.mp4,normal,5.352,8,16
data/raw/shoplifting/normal/normal-11.mp4,normal,1.714,8,16
data/raw/shoplifting/normal/normal-11.mp4,normal,1.058,8,16
data/raw/shoplifting/normal/normal-11.mp4,normal,7.484,8,16
data/raw/shoplifting/normal/normal-11.mp4,normal,4.568,8,16
data/raw/shoplifting/normal/normal-11.mp4,normal,3.781,8,16
data/raw/shoplifting/normal/normal-11.mp4,normal,6.277,8,16
data/raw/shoplifting/normal/normal-24.mp4,normal,6.460,8,16
data/raw/shoplifting/normal/normal-24.mp4,normal,1.523,8,16
data/raw/shoplifting/normal/normal-24.mp4,normal,0.775,8,16
data/raw/shoplifting/normal/normal-24.mp4,normal,3.448,8,16
data/raw/shoplifting/normal/normal-24.mp4,normal,3.389,8,16
data/raw/shoplifting/normal/normal-24.mp4,normal,3.736,8,16
data/raw/shoplifting/normal/normal-44.mp4,normal,5.833,8,16
data/raw/shoplifting/normal/normal-44.mp4,normal,5.387,8,16
data/raw/shoplifting/normal/normal-44.mp4,normal,7.873,8,16
data/raw/shoplifting/normal/normal-44.mp4,normal,0.787,8,16
data/raw/shoplifting/normal/normal-44.mp4,normal,3.221,8,16
data/raw/shoplifting/normal/normal-44.mp4,normal,2.714,8,16
data/raw/shoplifting/normal/normal-55.mp4,normal,6.893,8,16
data/raw/shoplifting/normal/normal-55.mp4,normal,1.989,8,16
data/raw/shoplifting/normal/normal-55.mp4,normal,1.522,8,16
data/raw/shoplifting/normal/normal-55.mp4,normal,3.589,8,16
data/raw/shoplifting/normal/normal-55.mp4,normal,3.375,8,16
data/raw/shoplifting/normal/normal-55.mp4,normal,2.228,8,16
data/raw/shoplifting/normal/normal-3.mp4,normal,1.998,8,16
data/raw/shoplifting/normal/normal-3.mp4,normal,7.386,8,16
data/raw/shoplifting/normal/normal-3.mp4,normal,3.545,8,16
data/raw/shoplifting/normal/normal-3.mp4,normal,6.891,8,16
data/raw/shoplifting/normal/normal-3.mp4,normal,4.403,8,16
data/raw/shoplifting/normal/normal-3.mp4,normal,0.405,8,16
data/raw/shoplifting/normal/normal-80.mp4,normal,7.994,8,16
data/raw/shoplifting/normal/normal-80.mp4,normal,6.688,8,16
data/raw/shoplifting/normal/normal-80.mp4,normal,7.752,8,16
data/raw/shoplifting/normal/normal-80.mp4,normal,7.411,8,16
data/raw/shoplifting/normal/normal-80.mp4,normal,6.790,8,16
data/raw/shoplifting/normal/normal-80.mp4,normal,1.330,8,16
data/raw/shoplifting/normal/normal-31.mp4,normal,3.885,8,16
data/raw/shoplifting/normal/normal-31.mp4,normal,1.710,8,16
data/raw/shoplifting/normal/normal-31.mp4,normal,3.208,8,16
data/raw/shoplifting/normal/normal-31.mp4,normal,0.469,8,16
data/raw/shoplifting/normal/normal-31.mp4,normal,3.032,8,16
data/raw/shoplifting/normal/normal-31.mp4,normal,7.882,8,16
data/raw/shoplifting/normal/normal-14.mp4,normal,2.122,8,16
data/raw/shoplifting/normal/normal-14.mp4,normal,6.273,8,16
data/raw/shoplifting/normal/normal-14.mp4,normal,3.640,8,16
data/raw/shoplifting/normal/normal-14.mp4,normal,3.384,8,16
data/raw/shoplifting/normal/normal-14.mp4,normal,7.659,8,16
data/raw/shoplifting/normal/normal-14.mp4,normal,7.963,8,16
data/raw/shoplifting/normal/normal-15.mp4,normal,4.446,8,16
data/raw/shoplifting/normal/normal-15.mp4,normal,5.747,8,16
data/raw/shoplifting/normal/normal-15.mp4,normal,1.238,8,16
data/raw/shoplifting/normal/normal-15.mp4,normal,2.374,8,16
data/raw/shoplifting/normal/normal-15.mp4,normal,7.750,8,16
data/raw/shoplifting/normal/normal-15.mp4,normal,4.633,8,16
data/raw/shoplifting/normal/normal-64.mp4,normal,4.338,8,16
data/raw/shoplifting/normal/normal-64.mp4,normal,5.984,8,16
data/raw/shoplifting/normal/normal-64.mp4,normal,0.457,8,16
data/raw/shoplifting/normal/normal-64.mp4,normal,4.673,8,16
data/raw/shoplifting/normal/normal-64.mp4,normal,4.023,8,16
data/raw/shoplifting/normal/normal-64.mp4,normal,6.822,8,16
data/raw/shoplifting/normal/normal-53.mp4,normal,1.259,8,16
data/raw/shoplifting/normal/normal-53.mp4,normal,7.686,8,16
data/raw/shoplifting/normal/normal-53.mp4,normal,0.641,8,16
data/raw/shoplifting/normal/normal-53.mp4,normal,1.487,8,16
data/raw/shoplifting/normal/normal-53.mp4,normal,4.760,8,16
data/raw/shoplifting/normal/normal-53.mp4,normal,5.402,8,16
data/raw/shoplifting/normal/normal-84.mp4,normal,1.882,8,16
data/raw/shoplifting/normal/normal-84.mp4,normal,0.959,8,16
data/raw/shoplifting/normal/normal-84.mp4,normal,7.122,8,16
data/raw/shoplifting/normal/normal-84.mp4,normal,1.970,8,16
data/raw/shoplifting/normal/normal-84.mp4,normal,4.756,8,16
data/raw/shoplifting/normal/normal-84.mp4,normal,4.955,8,16
data/raw/shoplifting/normal/normal-18.mp4,normal,3.354,8,16
data/raw/shoplifting/normal/normal-18.mp4,normal,4.669,8,16
data/raw/shoplifting/normal/normal-18.mp4,normal,4.182,8,16
data/raw/shoplifting/normal/normal-18.mp4,normal,7.478,8,16
data/raw/shoplifting/normal/normal-18.mp4,normal,1.634,8,16
data/raw/shoplifting/normal/normal-18.mp4,normal,5.730,8,16
data/raw/shoplifting/normal/normal-85.mp4,normal,1.909,8,16
data/raw/shoplifting/normal/normal-85.mp4,normal,3.166,8,16
data/raw/shoplifting/normal/normal-85.mp4,normal,5.374,8,16
data/raw/shoplifting/normal/normal-85.mp4,normal,2.400,8,16
data/raw/shoplifting/normal/normal-85.mp4,normal,2.529,8,16
data/raw/shoplifting/normal/normal-85.mp4,normal,6.015,8,16
data/raw/shoplifting/normal/normal-29.mp4,normal,0.580,8,16
data/raw/shoplifting/normal/normal-29.mp4,normal,3.666,8,16
data/raw/shoplifting/normal/normal-29.mp4,normal,7.988,8,16
data/raw/shoplifting/normal/normal-29.mp4,normal,7.969,8,16
data/raw/shoplifting/normal/normal-29.mp4,normal,0.586,8,16
data/raw/shoplifting/normal/normal-29.mp4,normal,1.705,8,16
data/raw/shoplifting/normal/normal-77.mp4,normal,2.122,8,16
data/raw/shoplifting/normal/normal-77.mp4,normal,7.466,8,16
data/raw/shoplifting/normal/normal-77.mp4,normal,7.047,8,16
data/raw/shoplifting/normal/normal-77.mp4,normal,7.034,8,16
data/raw/shoplifting/normal/normal-77.mp4,normal,2.956,8,16
data/raw/shoplifting/normal/normal-77.mp4,normal,1.262,8,16
data/raw/shoplifting/normal/normal-5.mp4,normal,6.670,8,16
data/raw/shoplifting/normal/normal-5.mp4,normal,5.628,8,16
data/raw/shoplifting/normal/normal-5.mp4,normal,4.893,8,16
data/raw/shoplifting/normal/normal-5.mp4,normal,7.898,8,16
data/raw/shoplifting/normal/normal-5.mp4,normal,5.232,8,16
data/raw/shoplifting/normal/normal-5.mp4,normal,0.063,8,16
data/raw/shoplifting/normal/normal-28.mp4,normal,6.537,8,16
data/raw/shoplifting/normal/normal-28.mp4,normal,2.395,8,16
data/raw/shoplifting/normal/normal-28.mp4,normal,5.307,8,16
data/raw/shoplifting/normal/normal-28.mp4,normal,7.511,8,16
data/raw/shoplifting/normal/normal-28.mp4,normal,1.074,8,16
data/raw/shoplifting/normal/normal-28.mp4,normal,0.923,8,16
data/raw/shoplifting/normal/normal-1.mp4,normal,0.856,8,16
data/raw/shoplifting/normal/normal-1.mp4,normal,4.426,8,16
data/raw/shoplifting/normal/normal-1.mp4,normal,2.179,8,16
data/raw/shoplifting/normal/normal-1.mp4,normal,4.839,8,16
data/raw/shoplifting/normal/normal-1.mp4,normal,5.741,8,16
data/raw/shoplifting/normal/normal-1.mp4,normal,1.629,8,16
data/raw/shoplifting/normal/normal-88.mp4,normal,5.074,8,16
data/raw/shoplifting/normal/normal-88.mp4,normal,2.112,8,16
data/raw/shoplifting/normal/normal-88.mp4,normal,3.908,8,16
data/raw/shoplifting/normal/normal-88.mp4,normal,7.243,8,16
data/raw/shoplifting/normal/normal-88.mp4,normal,6.769,8,16
data/raw/shoplifting/normal/normal-88.mp4,normal,0.738,8,16
data/raw/shoplifting/normal/normal-61.mp4,normal,3.389,8,16
data/raw/shoplifting/normal/normal-61.mp4,normal,2.213,8,16
data/raw/shoplifting/normal/normal-61.mp4,normal,0.028,8,16
data/raw/shoplifting/normal/normal-61.mp4,normal,6.169,8,16
data/raw/shoplifting/normal/normal-61.mp4,normal,5.097,8,16
data/raw/shoplifting/normal/normal-61.mp4,normal,2.096,8,16
data/raw/shoplifting/normal/normal-86.mp4,normal,5.930,8,16
data/raw/shoplifting/normal/normal-86.mp4,normal,4.413,8,16
data/raw/shoplifting/normal/normal-86.mp4,normal,3.421,8,16
data/raw/shoplifting/normal/normal-86.mp4,normal,0.077,8,16
data/raw/shoplifting/normal/normal-86.mp4,normal,0.602,8,16
data/raw/shoplifting/normal/normal-86.mp4,normal,7.065,8,16
data/raw/shoplifting/normal/normal-58.mp4,normal,7.231,8,16
data/raw/shoplifting/normal/normal-58.mp4,normal,4.365,8,16
data/raw/shoplifting/normal/normal-58.mp4,normal,6.677,8,16
data/raw/shoplifting/normal/normal-58.mp4,normal,4.660,8,16
data/raw/shoplifting/normal/normal-58.mp4,normal,1.185,8,16
data/raw/shoplifting/normal/normal-58.mp4,normal,1.020,8,16
data/raw/shoplifting/normal/normal-90.mp4,normal,2.466,8,16
data/raw/shoplifting/normal/normal-90.mp4,normal,7.192,8,16
data/raw/shoplifting/normal/normal-90.mp4,normal,6.369,8,16
data/raw/shoplifting/normal/normal-90.mp4,normal,6.886,8,16
data/raw/shoplifting/normal/normal-90.mp4,normal,7.191,8,16
data/raw/shoplifting/normal/normal-90.mp4,normal,1.681,8,16
data/raw/shoplifting/normal/normal-32.mp4,normal,1.996,8,16
data/raw/shoplifting/normal/normal-32.mp4,normal,0.822,8,16
data/raw/shoplifting/normal/normal-32.mp4,normal,6.241,8,16
data/raw/shoplifting/normal/normal-32.mp4,normal,7.073,8,16
data/raw/shoplifting/normal/normal-32.mp4,normal,3.251,8,16
data/raw/shoplifting/normal/normal-32.mp4,normal,4.965,8,16
data/raw/shoplifting/normal/normal-79.mp4,normal,1.236,8,16
data/raw/shoplifting/normal/normal-79.mp4,normal,7.439,8,16
data/raw/shoplifting/normal/normal-79.mp4,normal,6.917,8,16
data/raw/shoplifting/normal/normal-79.mp4,normal,7.810,8,16
data/raw/shoplifting/normal/normal-79.mp4,normal,6.486,8,16
data/raw/shoplifting/normal/normal-79.mp4,normal,7.051,8,16
data/raw/shoplifting/normal/normal-68.mp4,normal,0.198,8,16
data/raw/shoplifting/normal/normal-68.mp4,normal,5.893,8,16
data/raw/shoplifting/normal/normal-68.mp4,normal,2.657,8,16
data/raw/shoplifting/normal/normal-68.mp4,normal,7.447,8,16
data/raw/shoplifting/normal/normal-68.mp4,normal,6.418,8,16
data/raw/shoplifting/normal/normal-68.mp4,normal,6.913,8,16
data/raw/shoplifting/normal/normal-36.mp4,normal,6.486,8,16
data/raw/shoplifting/normal/normal-36.mp4,normal,2.134,8,16
data/raw/shoplifting/normal/normal-36.mp4,normal,6.299,8,16
data/raw/shoplifting/normal/normal-36.mp4,normal,0.865,8,16
data/raw/shoplifting/normal/normal-36.mp4,normal,6.977,8,16
data/raw/shoplifting/normal/normal-36.mp4,normal,6.869,8,16
data/raw/shoplifting/normal/normal-34.mp4,normal,1.779,8,16
data/raw/shoplifting/normal/normal-34.mp4,normal,6.533,8,16
data/raw/shoplifting/normal/normal-34.mp4,normal,3.682,8,16
data/raw/shoplifting/normal/normal-34.mp4,normal,2.442,8,16
data/raw/shoplifting/normal/normal-34.mp4,normal,6.363,8,16
data/raw/shoplifting/normal/normal-34.mp4,normal,1.821,8,16
data/raw/shoplifting/normal/normal-82.mp4,normal,0.189,8,16
data/raw/shoplifting/normal/normal-82.mp4,normal,1.545,8,16
data/raw/shoplifting/normal/normal-82.mp4,normal,2.626,8,16
data/raw/shoplifting/normal/normal-82.mp4,normal,6.915,8,16
data/raw/shoplifting/normal/normal-82.mp4,normal,7.735,8,16
data/raw/shoplifting/normal/normal-82.mp4,normal,2.233,8,16
data/raw/shoplifting/normal/normal-89.mp4,normal,5.132,8,16
data/raw/shoplifting/normal/normal-89.mp4,normal,3.197,8,16
data/raw/shoplifting/normal/normal-89.mp4,normal,7.849,8,16
data/raw/shoplifting/normal/normal-89.mp4,normal,4.290,8,16
data/raw/shoplifting/normal/normal-89.mp4,normal,7.514,8,16
data/raw/shoplifting/normal/normal-89.mp4,normal,0.923,8,16
data/raw/shoplifting/normal/normal-13.mp4,normal,7.763,8,16
data/raw/shoplifting/normal/normal-13.mp4,normal,1.429,8,16
data/raw/shoplifting/normal/normal-13.mp4,normal,7.700,8,16
data/raw/shoplifting/normal/normal-13.mp4,normal,2.124,8,16
data/raw/shoplifting/normal/normal-13.mp4,normal,0.867,8,16
data/raw/shoplifting/normal/normal-13.mp4,normal,3.477,8,16
data/raw/shoplifting/normal/normal-59.mp4,normal,5.828,8,16
data/raw/shoplifting/normal/normal-59.mp4,normal,2.509,8,16
data/raw/shoplifting/normal/normal-59.mp4,normal,4.850,8,16
data/raw/shoplifting/normal/normal-59.mp4,normal,4.091,8,16
data/raw/shoplifting/normal/normal-59.mp4,normal,3.082,8,16
data/raw/shoplifting/normal/normal-59.mp4,normal,4.613,8,16
data/raw/shoplifting/normal/normal-78.mp4,normal,2.038,8,16
data/raw/shoplifting/normal/normal-78.mp4,normal,5.670,8,16
data/raw/shoplifting/normal/normal-78.mp4,normal,0.014,8,16
data/raw/shoplifting/normal/normal-78.mp4,normal,7.405,8,16
data/raw/shoplifting/normal/normal-78.mp4,normal,4.308,8,16
data/raw/shoplifting/normal/normal-78.mp4,normal,5.755,8,16
data/raw/shoplifting/normal/normal-2.mp4,normal,5.936,8,16
data/raw/shoplifting/normal/normal-2.mp4,normal,5.365,8,16
data/raw/shoplifting/normal/normal-2.mp4,normal,2.914,8,16
data/raw/shoplifting/normal/normal-2.mp4,normal,0.560,8,16
data/raw/shoplifting/normal/normal-2.mp4,normal,5.314,8,16
data/raw/shoplifting/normal/normal-2.mp4,normal,2.642,8,16
data/raw/shoplifting/normal/normal-72.mp4,normal,2.511,8,16
data/raw/shoplifting/normal/normal-72.mp4,normal,6.784,8,16
data/raw/shoplifting/normal/normal-72.mp4,normal,5.758,8,16
data/raw/shoplifting/normal/normal-72.mp4,normal,2.403,8,16
data/raw/shoplifting/normal/normal-72.mp4,normal,2.474,8,16
data/raw/shoplifting/normal/normal-72.mp4,normal,3.267,8,16
data/raw/shoplifting/normal/normal-21.mp4,normal,3.219,8,16
data/raw/shoplifting/normal/normal-21.mp4,normal,2.365,8,16
data/raw/shoplifting/normal/normal-21.mp4,normal,1.018,8,16
data/raw/shoplifting/normal/normal-21.mp4,normal,3.364,8,16
data/raw/shoplifting/normal/normal-21.mp4,normal,7.523,8,16
data/raw/shoplifting/normal/normal-21.mp4,normal,5.419,8,16
data/raw/shoplifting/normal/normal-25.mp4,normal,7.222,8,16
data/raw/shoplifting/normal/normal-25.mp4,normal,4.924,8,16
data/raw/shoplifting/normal/normal-25.mp4,normal,2.408,8,16
data/raw/shoplifting/normal/normal-25.mp4,normal,4.383,8,16
data/raw/shoplifting/normal/normal-25.mp4,normal,0.003,8,16
data/raw/shoplifting/normal/normal-25.mp4,normal,2.295,8,16
data/raw/shoplifting/normal/normal-35.mp4,normal,3.439,8,16
data/raw/shoplifting/normal/normal-35.mp4,normal,4.640,8,16
data/raw/shoplifting/normal/normal-35.mp4,normal,5.238,8,16
data/raw/shoplifting/normal/normal-35.mp4,normal,3.720,8,16
data/raw/shoplifting/normal/normal-35.mp4,normal,3.537,8,16
data/raw/shoplifting/normal/normal-35.mp4,normal,1.710,8,16
data/raw/shoplifting/normal/normal-38.mp4,normal,3.785,8,16
data/raw/shoplifting/normal/normal-38.mp4,normal,7.209,8,16
data/raw/shoplifting/normal/normal-38.mp4,normal,6.368,8,16
data/raw/shoplifting/normal/normal-38.mp4,normal,1.358,8,16
data/raw/shoplifting/normal/normal-38.mp4,normal,0.678,8,16
data/raw/shoplifting/normal/normal-38.mp4,normal,4.124,8,16
data/raw/shoplifting/normal/normal-41.mp4,normal,5.064,8,16
data/raw/shoplifting/normal/normal-41.mp4,normal,2.682,8,16
data/raw/shoplifting/normal/normal-41.mp4,normal,6.547,8,16
data/raw/shoplifting/normal/normal-41.mp4,normal,6.009,8,16
data/raw/shoplifting/normal/normal-41.mp4,normal,5.382,8,16
data/raw/shoplifting/normal/normal-41.mp4,normal,1.797,8,16
data/raw/shoplifting/normal/normal-12.mp4,normal,1.593,8,16
data/raw/shoplifting/normal/normal-12.mp4,normal,0.195,8,16
data/raw/shoplifting/normal/normal-12.mp4,normal,1.959,8,16
data/raw/shoplifting/normal/normal-12.mp4,normal,3.801,8,16
data/raw/shoplifting/normal/normal-12.mp4,normal,6.798,8,16
data/raw/shoplifting/normal/normal-12.mp4,normal,0.583,8,16
data/raw/shoplifting/normal/normal-22.mp4,normal,3.316,8,16
data/raw/shoplifting/normal/normal-22.mp4,normal,5.038,8,16
data/raw/shoplifting/normal/normal-22.mp4,normal,1.555,8,16
data/raw/shoplifting/normal/normal-22.mp4,normal,5.571,8,16
data/raw/shoplifting/normal/normal-22.mp4,normal,3.955,8,16
data/raw/shoplifting/normal/normal-22.mp4,normal,1.952,8,16
data/raw/shoplifting/normal/normal-83.mp4,normal,5.248,8,16
data/raw/shoplifting/normal/normal-83.mp4,normal,0.044,8,16
data/raw/shoplifting/normal/normal-83.mp4,normal,6.008,8,16
data/raw/shoplifting/normal/normal-83.mp4,normal,6.160,8,16
data/raw/shoplifting/normal/normal-83.mp4,normal,0.853,8,16
data/raw/shoplifting/normal/normal-83.mp4,normal,3.401,8,16
data/raw/shoplifting/shoplifting/shoplifting-14.mp4,shoplifting,1.407,8,16
data/raw/shoplifting/shoplifting/shoplifting-14.mp4,shoplifting,7.664,8,16
data/raw/shoplifting/shoplifting/shoplifting-14.mp4,shoplifting,4.144,8,16
data/raw/shoplifting/shoplifting/shoplifting-14.mp4,shoplifting,0.402,8,16
data/raw/shoplifting/shoplifting/shoplifting-14.mp4,shoplifting,1.994,8,16
data/raw/shoplifting/shoplifting/shoplifting-14.mp4,shoplifting,6.787,8,16
data/raw/shoplifting/shoplifting/shoplifting-80.mp4,shoplifting,3.652,8,16
data/raw/shoplifting/shoplifting/shoplifting-80.mp4,shoplifting,6.411,8,16
data/raw/shoplifting/shoplifting/shoplifting-80.mp4,shoplifting,5.341,8,16
data/raw/shoplifting/shoplifting/shoplifting-80.mp4,shoplifting,7.903,8,16
data/raw/shoplifting/shoplifting/shoplifting-80.mp4,shoplifting,4.764,8,16
data/raw/shoplifting/shoplifting/shoplifting-80.mp4,shoplifting,7.600,8,16
data/raw/shoplifting/shoplifting/shoplifting-61.mp4,shoplifting,7.131,8,16
data/raw/shoplifting/shoplifting/shoplifting-61.mp4,shoplifting,4.901,8,16
data/raw/shoplifting/shoplifting/shoplifting-61.mp4,shoplifting,5.754,8,16
data/raw/shoplifting/shoplifting/shoplifting-61.mp4,shoplifting,4.038,8,16
data/raw/shoplifting/shoplifting/shoplifting-61.mp4,shoplifting,6.645,8,16
data/raw/shoplifting/shoplifting/shoplifting-61.mp4,shoplifting,4.383,8,16
data/raw/shoplifting/shoplifting/shoplifting-79.mp4,shoplifting,7.178,8,16
data/raw/shoplifting/shoplifting/shoplifting-79.mp4,shoplifting,5.949,8,16
data/raw/shoplifting/shoplifting/shoplifting-79.mp4,shoplifting,3.797,8,16
data/raw/shoplifting/shoplifting/shoplifting-79.mp4,shoplifting,2.074,8,16
data/raw/shoplifting/shoplifting/shoplifting-79.mp4,shoplifting,1.978,8,16
data/raw/shoplifting/shoplifting/shoplifting-79.mp4,shoplifting,5.101,8,16
data/raw/shoplifting/shoplifting/shoplifting-71.mp4,shoplifting,6.127,8,16
data/raw/shoplifting/shoplifting/shoplifting-71.mp4,shoplifting,4.170,8,16
data/raw/shoplifting/shoplifting/shoplifting-71.mp4,shoplifting,5.014,8,16
data/raw/shoplifting/shoplifting/shoplifting-71.mp4,shoplifting,2.197,8,16
data/raw/shoplifting/shoplifting/shoplifting-71.mp4,shoplifting,0.620,8,16
data/raw/shoplifting/shoplifting/shoplifting-71.mp4,shoplifting,2.286,8,16
data/raw/shoplifting/shoplifting/shoplifting-37.mp4,shoplifting,2.174,8,16
data/raw/shoplifting/shoplifting/shoplifting-37.mp4,shoplifting,2.558,8,16
data/raw/shoplifting/shoplifting/shoplifting-37.mp4,shoplifting,4.321,8,16
data/raw/shoplifting/shoplifting/shoplifting-37.mp4,shoplifting,1.107,8,16
data/raw/shoplifting/shoplifting/shoplifting-37.mp4,shoplifting,1.850,8,16
data/raw/shoplifting/shoplifting/shoplifting-37.mp4,shoplifting,5.552,8,16
data/raw/shoplifting/shoplifting/shoplifting-33.mp4,shoplifting,5.651,8,16
data/raw/shoplifting/shoplifting/shoplifting-33.mp4,shoplifting,0.514,8,16
data/raw/shoplifting/shoplifting/shoplifting-33.mp4,shoplifting,3.261,8,16
data/raw/shoplifting/shoplifting/shoplifting-33.mp4,shoplifting,4.341,8,16
data/raw/shoplifting/shoplifting/shoplifting-33.mp4,shoplifting,3.326,8,16
data/raw/shoplifting/shoplifting/shoplifting-33.mp4,shoplifting,1.655,8,16
data/raw/shoplifting/shoplifting/shoplifting-18.mp4,shoplifting,3.361,8,16
data/raw/shoplifting/shoplifting/shoplifting-18.mp4,shoplifting,7.239,8,16
data/raw/shoplifting/shoplifting/shoplifting-18.mp4,shoplifting,4.673,8,16
data/raw/shoplifting/shoplifting/shoplifting-18.mp4,shoplifting,5.564,8,16
data/raw/shoplifting/shoplifting/shoplifting-18.mp4,shoplifting,6.854,8,16
data/raw/shoplifting/shoplifting/shoplifting-18.mp4,shoplifting,6.125,8,16
data/raw/shoplifting/shoplifting/shoplifting-28.mp4,shoplifting,3.043,8,16
data/raw/shoplifting/shoplifting/shoplifting-28.mp4,shoplifting,0.047,8,16
data/raw/shoplifting/shoplifting/shoplifting-28.mp4,shoplifting,2.814,8,16
data/raw/shoplifting/shoplifting/shoplifting-28.mp4,shoplifting,6.028,8,16
data/raw/shoplifting/shoplifting/shoplifting-28.mp4,shoplifting,6.828,8,16
data/raw/shoplifting/shoplifting/shoplifting-28.mp4,shoplifting,7.627,8,16
data/raw/shoplifting/shoplifting/shoplifting-43.mp4,shoplifting,3.352,8,16
data/raw/shoplifting/shoplifting/shoplifting-43.mp4,shoplifting,5.980,8,16
data/raw/shoplifting/shoplifting/shoplifting-43.mp4,shoplifting,4.369,8,16
data/raw/shoplifting/shoplifting/shoplifting-43.mp4,shoplifting,4.826,8,16
data/raw/shoplifting/shoplifting/shoplifting-43.mp4,shoplifting,1.764,8,16
data/raw/shoplifting/shoplifting/shoplifting-43.mp4,shoplifting,1.755,8,16
data/raw/shoplifting/shoplifting/shoplifting-12.mp4,shoplifting,3.487,8,16
data/raw/shoplifting/shoplifting/shoplifting-12.mp4,shoplifting,0.232,8,16
data/raw/shoplifting/shoplifting/shoplifting-12.mp4,shoplifting,2.689,8,16
data/raw/shoplifting/shoplifting/shoplifting-12.mp4,shoplifting,5.433,8,16
data/raw/shoplifting/shoplifting/shoplifting-12.mp4,shoplifting,3.235,8,16
data/raw/shoplifting/shoplifting/shoplifting-12.mp4,shoplifting,1.320,8,16
data/raw/shoplifting/shoplifting/shoplifting-55.mp4,shoplifting,3.739,8,16
data/raw/shoplifting/shoplifting/shoplifting-55.mp4,shoplifting,1.021,8,16
data/raw/shoplifting/shoplifting/shoplifting-55.mp4,shoplifting,4.978,8,16
data/raw/shoplifting/shoplifting/shoplifting-55.mp4,shoplifting,0.216,8,16
data/raw/shoplifting/shoplifting/shoplifting-55.mp4,shoplifting,3.152,8,16
data/raw/shoplifting/shoplifting/shoplifting-55.mp4,shoplifting,4.515,8,16
data/raw/shoplifting/shoplifting/shoplifting-9.mp4,shoplifting,0.217,8,16
data/raw/shoplifting/shoplifting/shoplifting-9.mp4,shoplifting,5.142,8,16
data/raw/shoplifting/shoplifting/shoplifting-9.mp4,shoplifting,1.086,8,16
data/raw/shoplifting/shoplifting/shoplifting-9.mp4,shoplifting,3.694,8,16
data/raw/shoplifting/shoplifting/shoplifting-9.mp4,shoplifting,0.402,8,16
data/raw/shoplifting/shoplifting/shoplifting-9.mp4,shoplifting,3.033,8,16
data/raw/shoplifting/shoplifting/shoplifting-70.mp4,shoplifting,1.693,8,16
data/raw/shoplifting/shoplifting/shoplifting-70.mp4,shoplifting,2.615,8,16
data/raw/shoplifting/shoplifting/shoplifting-70.mp4,shoplifting,6.090,8,16
data/raw/shoplifting/shoplifting/shoplifting-70.mp4,shoplifting,3.033,8,16
data/raw/shoplifting/shoplifting/shoplifting-70.mp4,shoplifting,6.016,8,16
data/raw/shoplifting/shoplifting/shoplifting-70.mp4,shoplifting,6.655,8,16
data/raw/shoplifting/shoplifting/shoplifting-39.mp4,shoplifting,2.018,8,16
data/raw/shoplifting/shoplifting/shoplifting-39.mp4,shoplifting,0.655,8,16
data/raw/shoplifting/shoplifting/shoplifting-39.mp4,shoplifting,0.155,8,16
data/raw/shoplifting/shoplifting/shoplifting-39.mp4,shoplifting,4.315,8,16
data/raw/shoplifting/shoplifting/shoplifting-39.mp4,shoplifting,7.999,8,16
data/raw/shoplifting/shoplifting/shoplifting-39.mp4,shoplifting,2.800,8,16
data/raw/shoplifting/shoplifting/shoplifting-65.mp4,shoplifting,5.201,8,16
data/raw/shoplifting/shoplifting/shoplifting-65.mp4,shoplifting,6.250,8,16
data/raw/shoplifting/shoplifting/shoplifting-65.mp4,shoplifting,5.214,8,16
data/raw/shoplifting/shoplifting/shoplifting-65.mp4,shoplifting,6.034,8,16
data/raw/shoplifting/shoplifting/shoplifting-65.mp4,shoplifting,7.597,8,16
data/raw/shoplifting/shoplifting/shoplifting-65.mp4,shoplifting,1.595,8,16
data/raw/shoplifting/shoplifting/shoplifting-54.mp4,shoplifting,0.163,8,16
data/raw/shoplifting/shoplifting/shoplifting-54.mp4,shoplifting,1.219,8,16
data/raw/shoplifting/shoplifting/shoplifting-54.mp4,shoplifting,1.010,8,16
data/raw/shoplifting/shoplifting/shoplifting-54.mp4,shoplifting,5.356,8,16
data/raw/shoplifting/shoplifting/shoplifting-54.mp4,shoplifting,4.512,8,16
data/raw/shoplifting/shoplifting/shoplifting-54.mp4,shoplifting,1.744,8,16
data/raw/shoplifting/shoplifting/shoplifting-58.mp4,shoplifting,5.596,8,16
data/raw/shoplifting/shoplifting/shoplifting-58.mp4,shoplifting,6.135,8,16
data/raw/shoplifting/shoplifting/shoplifting-58.mp4,shoplifting,1.342,8,16
data/raw/shoplifting/shoplifting/shoplifting-58.mp4,shoplifting,4.858,8,16
data/raw/shoplifting/shoplifting/shoplifting-58.mp4,shoplifting,5.983,8,16
data/raw/shoplifting/shoplifting/shoplifting-58.mp4,shoplifting,0.916,8,16
data/raw/shoplifting/shoplifting/shoplifting-66.mp4,shoplifting,6.554,8,16
data/raw/shoplifting/shoplifting/shoplifting-66.mp4,shoplifting,7.718,8,16
data/raw/shoplifting/shoplifting/shoplifting-66.mp4,shoplifting,0.865,8,16
data/raw/shoplifting/shoplifting/shoplifting-66.mp4,shoplifting,0.205,8,16
data/raw/shoplifting/shoplifting/shoplifting-66.mp4,shoplifting,2.496,8,16
data/raw/shoplifting/shoplifting/shoplifting-66.mp4,shoplifting,5.419,8,16
data/raw/shoplifting/shoplifting/shoplifting-84.mp4,shoplifting,7.665,8,16
data/raw/shoplifting/shoplifting/shoplifting-84.mp4,shoplifting,3.173,8,16
data/raw/shoplifting/shoplifting/shoplifting-84.mp4,shoplifting,5.720,8,16
data/raw/shoplifting/shoplifting/shoplifting-84.mp4,shoplifting,0.608,8,16
data/raw/shoplifting/shoplifting/shoplifting-84.mp4,shoplifting,5.525,8,16
data/raw/shoplifting/shoplifting/shoplifting-84.mp4,shoplifting,5.018,8,16
data/raw/shoplifting/shoplifting/shoplifting-83.mp4,shoplifting,0.815,8,16
data/raw/shoplifting/shoplifting/shoplifting-83.mp4,shoplifting,6.180,8,16
data/raw/shoplifting/shoplifting/shoplifting-83.mp4,shoplifting,6.802,8,16
data/raw/shoplifting/shoplifting/shoplifting-83.mp4,shoplifting,4.803,8,16
data/raw/shoplifting/shoplifting/shoplifting-83.mp4,shoplifting,0.968,8,16
data/raw/shoplifting/shoplifting/shoplifting-83.mp4,shoplifting,7.871,8,16
data/raw/shoplifting/shoplifting/shoplifting-51.mp4,shoplifting,6.261,8,16
data/raw/shoplifting/shoplifting/shoplifting-51.mp4,shoplifting,2.778,8,16
data/raw/shoplifting/shoplifting/shoplifting-51.mp4,shoplifting,3.427,8,16
data/raw/shoplifting/shoplifting/shoplifting-51.mp4,shoplifting,2.965,8,16
data/raw/shoplifting/shoplifting/shoplifting-51.mp4,shoplifting,4.048,8,16
data/raw/shoplifting/shoplifting/shoplifting-51.mp4,shoplifting,2.730,8,16
data/raw/shoplifting/shoplifting/shoplifting-29.mp4,shoplifting,6.797,8,16
data/raw/shoplifting/shoplifting/shoplifting-29.mp4,shoplifting,6.579,8,16
data/raw/shoplifting/shoplifting/shoplifting-29.mp4,shoplifting,0.844,8,16
data/raw/shoplifting/shoplifting/shoplifting-29.mp4,shoplifting,7.686,8,16
data/raw/shoplifting/shoplifting/shoplifting-29.mp4,shoplifting,5.085,8,16
data/raw/shoplifting/shoplifting/shoplifting-29.mp4,shoplifting,6.630,8,16
data/raw/shoplifting/shoplifting/shoplifting-47.mp4,shoplifting,5.658,8,16
data/raw/shoplifting/shoplifting/shoplifting-47.mp4,shoplifting,3.484,8,16
data/raw/shoplifting/shoplifting/shoplifting-47.mp4,shoplifting,5.870,8,16
data/raw/shoplifting/shoplifting/shoplifting-47.mp4,shoplifting,7.724,8,16
data/raw/shoplifting/shoplifting/shoplifting-47.mp4,shoplifting,2.161,8,16
data/raw/shoplifting/shoplifting/shoplifting-47.mp4,shoplifting,6.466,8,16
data/raw/shoplifting/shoplifting/shoplifting-73.mp4,shoplifting,4.305,8,16
data/raw/shoplifting/shoplifting/shoplifting-73.mp4,shoplifting,3.868,8,16
data/raw/shoplifting/shoplifting/shoplifting-73.mp4,shoplifting,3.485,8,16
data/raw/shoplifting/shoplifting/shoplifting-73.mp4,shoplifting,5.848,8,16
data/raw/shoplifting/shoplifting/shoplifting-73.mp4,shoplifting,2.147,8,16
data/raw/shoplifting/shoplifting/shoplifting-73.mp4,shoplifting,6.814,8,16
data/raw/shoplifting/shoplifting/shoplifting-92.mp4,shoplifting,6.646,8,16
data/raw/shoplifting/shoplifting/shoplifting-92.mp4,shoplifting,0.693,8,16
data/raw/shoplifting/shoplifting/shoplifting-92.mp4,shoplifting,7.053,8,16
data/raw/shoplifting/shoplifting/shoplifting-92.mp4,shoplifting,1.951,8,16
data/raw/shoplifting/shoplifting/shoplifting-92.mp4,shoplifting,3.718,8,16
data/raw/shoplifting/shoplifting/shoplifting-92.mp4,shoplifting,4.883,8,16
data/raw/shoplifting/shoplifting/shoplifting-53.mp4,shoplifting,3.032,8,16
data/raw/shoplifting/shoplifting/shoplifting-53.mp4,shoplifting,0.230,8,16
data/raw/shoplifting/shoplifting/shoplifting-53.mp4,shoplifting,6.808,8,16
data/raw/shoplifting/shoplifting/shoplifting-53.mp4,shoplifting,1.455,8,16
data/raw/shoplifting/shoplifting/shoplifting-53.mp4,shoplifting,1.697,8,16
data/raw/shoplifting/shoplifting/shoplifting-53.mp4,shoplifting,6.383,8,16
data/raw/shoplifting/shoplifting/shoplifting-16.mp4,shoplifting,2.723,8,16
data/raw/shoplifting/shoplifting/shoplifting-16.mp4,shoplifting,7.043,8,16
data/raw/shoplifting/shoplifting/shoplifting-16.mp4,shoplifting,5.609,8,16
data/raw/shoplifting/shoplifting/shoplifting-16.mp4,shoplifting,2.210,8,16
data/raw/shoplifting/shoplifting/shoplifting-16.mp4,shoplifting,0.081,8,16
data/raw/shoplifting/shoplifting/shoplifting-16.mp4,shoplifting,7.585,8,16
data/raw/shoplifting/shoplifting/shoplifting-8.mp4,shoplifting,0.685,8,16
data/raw/shoplifting/shoplifting/shoplifting-8.mp4,shoplifting,5.761,8,16
data/raw/shoplifting/shoplifting/shoplifting-8.mp4,shoplifting,3.909,8,16
data/raw/shoplifting/shoplifting/shoplifting-8.mp4,shoplifting,6.065,8,16
data/raw/shoplifting/shoplifting/shoplifting-8.mp4,shoplifting,5.525,8,16
data/raw/shoplifting/shoplifting/shoplifting-8.mp4,shoplifting,5.167,8,16
data/raw/shoplifting/shoplifting/shoplifting-64.mp4,shoplifting,3.927,8,16
data/raw/shoplifting/shoplifting/shoplifting-64.mp4,shoplifting,6.343,8,16
data/raw/shoplifting/shoplifting/shoplifting-64.mp4,shoplifting,0.744,8,16
data/raw/shoplifting/shoplifting/shoplifting-64.mp4,shoplifting,1.773,8,16
data/raw/shoplifting/shoplifting/shoplifting-64.mp4,shoplifting,5.534,8,16
data/raw/shoplifting/shoplifting/shoplifting-64.mp4,shoplifting,2.450,8,16
data/raw/shoplifting/shoplifting/shoplifting-1.mp4,shoplifting,4.652,8,16
data/raw/shoplifting/shoplifting/shoplifting-1.mp4,shoplifting,3.786,8,16
data/raw/shoplifting/shoplifting/shoplifting-1.mp4,shoplifting,4.247,8,16
data/raw/shoplifting/shoplifting/shoplifting-1.mp4,shoplifting,3.404,8,16
data/raw/shoplifting/shoplifting/shoplifting-1.mp4,shoplifting,5.967,8,16
data/raw/shoplifting/shoplifting/shoplifting-1.mp4,shoplifting,2.646,8,16
data/raw/shoplifting/shoplifting/shoplifting-41.mp4,shoplifting,5.623,8,16
data/raw/shoplifting/shoplifting/shoplifting-41.mp4,shoplifting,2.167,8,16
data/raw/shoplifting/shoplifting/shoplifting-41.mp4,shoplifting,2.011,8,16
data/raw/shoplifting/shoplifting/shoplifting-41.mp4,shoplifting,0.965,8,16
data/raw/shoplifting/shoplifting/shoplifting-41.mp4,shoplifting,1.541,8,16
data/raw/shoplifting/shoplifting/shoplifting-41.mp4,shoplifting,0.956,8,16
data/raw/shoplifting/shoplifting/shoplifting-24.mp4,shoplifting,4.287,8,16
data/raw/shoplifting/shoplifting/shoplifting-24.mp4,shoplifting,6.098,8,16
data/raw/shoplifting/shoplifting/shoplifting-24.mp4,shoplifting,1.481,8,16
data/raw/shoplifting/shoplifting/shoplifting-24.mp4,shoplifting,1.731,8,16
data/raw/shoplifting/shoplifting/shoplifting-24.mp4,shoplifting,3.874,8,16
data/raw/shoplifting/shoplifting/shoplifting-24.mp4,shoplifting,5.797,8,16
data/raw/shoplifting/shoplifting/shoplifting-78.mp4,shoplifting,7.813,8,16
data/raw/shoplifting/shoplifting/shoplifting-78.mp4,shoplifting,4.197,8,16
data/raw/shoplifting/shoplifting/shoplifting-78.mp4,shoplifting,2.264,8,16
data/raw/shoplifting/shoplifting/shoplifting-78.mp4,shoplifting,0.804,8,16
data/raw/shoplifting/shoplifting/shoplifting-78.mp4,shoplifting,1.553,8,16
data/raw/shoplifting/shoplifting/shoplifting-78.mp4,shoplifting,1.820,8,16
data/raw/shoplifting/shoplifting/shoplifting-36.mp4,shoplifting,1.436,8,16
data/raw/shoplifting/shoplifting/shoplifting-36.mp4,shoplifting,0.113,8,16
data/raw/shoplifting/shoplifting/shoplifting-36.mp4,shoplifting,4.273,8,16
data/raw/shoplifting/shoplifting/shoplifting-36.mp4,shoplifting,2.194,8,16
data/raw/shoplifting/shoplifting/shoplifting-36.mp4,shoplifting,7.794,8,16
data/raw/shoplifting/shoplifting/shoplifting-36.mp4,shoplifting,4.427,8,16
data/raw/shoplifting/shoplifting/shoplifting-62.mp4,shoplifting,5.579,8,16
data/raw/shoplifting/shoplifting/shoplifting-62.mp4,shoplifting,1.010,8,16
data/raw/shoplifting/shoplifting/shoplifting-62.mp4,shoplifting,6.948,8,16
data/raw/shoplifting/shoplifting/shoplifting-62.mp4,shoplifting,3.927,8,16
data/raw/shoplifting/shoplifting/shoplifting-62.mp4,shoplifting,6.982,8,16
data/raw/shoplifting/shoplifting/shoplifting-62.mp4,shoplifting,4.593,8,16
data/raw/shoplifting/shoplifting/shoplifting-60.mp4,shoplifting,3.755,8,16
data/raw/shoplifting/shoplifting/shoplifting-60.mp4,shoplifting,3.524,8,16
data/raw/shoplifting/shoplifting/shoplifting-60.mp4,shoplifting,1.475,8,16
data/raw/shoplifting/shoplifting/shoplifting-60.mp4,shoplifting,0.411,8,16
data/raw/shoplifting/shoplifting/shoplifting-60.mp4,shoplifting,7.529,8,16
data/raw/shoplifting/shoplifting/shoplifting-60.mp4,shoplifting,3.822,8,16
data/raw/shoplifting/shoplifting/shoplifting-31.mp4,shoplifting,6.577,8,16
data/raw/shoplifting/shoplifting/shoplifting-31.mp4,shoplifting,3.206,8,16
data/raw/shoplifting/shoplifting/shoplifting-31.mp4,shoplifting,0.593,8,16
data/raw/shoplifting/shoplifting/shoplifting-31.mp4,shoplifting,5.036,8,16
data/raw/shoplifting/shoplifting/shoplifting-31.mp4,shoplifting,0.429,8,16
data/raw/shoplifting/shoplifting/shoplifting-31.mp4,shoplifting,1.194,8,16
data/raw/shoplifting/shoplifting/shoplifting-13.mp4,shoplifting,4.503,8,16
data/raw/shoplifting/shoplifting/shoplifting-13.mp4,shoplifting,2.431,8,16
data/raw/shoplifting/shoplifting/shoplifting-13.mp4,shoplifting,7.951,8,16
data/raw/shoplifting/shoplifting/shoplifting-13.mp4,shoplifting,0.948,8,16
data/raw/shoplifting/shoplifting/shoplifting-13.mp4,shoplifting,6.116,8,16
data/raw/shoplifting/shoplifting/shoplifting-13.mp4,shoplifting,4.851,8,16
data/raw/shoplifting/shoplifting/shoplifting-44.mp4,shoplifting,6.326,8,16
data/raw/shoplifting/shoplifting/shoplifting-44.mp4,shoplifting,1.805,8,16
data/raw/shoplifting/shoplifting/shoplifting-44.mp4,shoplifting,4.181,8,16
data/raw/shoplifting/shoplifting/shoplifting-44.mp4,shoplifting,3.604,8,16
data/raw/shoplifting/shoplifting/shoplifting-44.mp4,shoplifting,3.542,8,16
data/raw/shoplifting/shoplifting/shoplifting-44.mp4,shoplifting,6.881,8,16
data/raw/shoplifting/shoplifting/shoplifting-88.mp4,shoplifting,7.920,8,16
data/raw/shoplifting/shoplifting/shoplifting-88.mp4,shoplifting,2.443,8,16
data/raw/shoplifting/shoplifting/shoplifting-88.mp4,shoplifting,4.968,8,16
data/raw/shoplifting/shoplifting/shoplifting-88.mp4,shoplifting,4.877,8,16
data/raw/shoplifting/shoplifting/shoplifting-88.mp4,shoplifting,5.921,8,16
data/raw/shoplifting/shoplifting/shoplifting-88.mp4,shoplifting,7.581,8,16
data/raw/shoplifting/shoplifting/shoplifting-5.mp4,shoplifting,1.662,8,16
data/raw/shoplifting/shoplifting/shoplifting-5.mp4,shoplifting,1.688,8,16
data/raw/shoplifting/shoplifting/shoplifting-5.mp4,shoplifting,5.283,8,16
data/raw/shoplifting/shoplifting/shoplifting-5.mp4,shoplifting,1.256,8,16
data/raw/shoplifting/shoplifting/shoplifting-5.mp4,shoplifting,1.391,8,16
data/raw/shoplifting/shoplifting/shoplifting-5.mp4,shoplifting,0.601,8,16
data/raw/shoplifting/shoplifting/shoplifting-85.mp4,shoplifting,0.021,8,16
data/raw/shoplifting/shoplifting/shoplifting-85.mp4,shoplifting,3.604,8,16
data/raw/shoplifting/shoplifting/shoplifting-85.mp4,shoplifting,4.750,8,16
data/raw/shoplifting/shoplifting/shoplifting-85.mp4,shoplifting,2.330,8,16
data/raw/shoplifting/shoplifting/shoplifting-85.mp4,shoplifting,1.852,8,16
data/raw/shoplifting/shoplifting/shoplifting-85.mp4,shoplifting,5.656,8,16
data/raw/shoplifting/shoplifting/shoplifting-19.mp4,shoplifting,5.624,8,16
data/raw/shoplifting/shoplifting/shoplifting-19.mp4,shoplifting,3.632,8,16
data/raw/shoplifting/shoplifting/shoplifting-19.mp4,shoplifting,5.499,8,16
data/raw/shoplifting/shoplifting/shoplifting-19.mp4,shoplifting,7.391,8,16
data/raw/shoplifting/shoplifting/shoplifting-19.mp4,shoplifting,6.303,8,16
data/raw/shoplifting/shoplifting/shoplifting-19.mp4,shoplifting,5.000,8,16
data/raw/shoplifting/shoplifting/shoplifting-89.mp4,shoplifting,5.289,8,16
data/raw/shoplifting/shoplifting/shoplifting-89.mp4,shoplifting,7.469,8,16
data/raw/shoplifting/shoplifting/shoplifting-89.mp4,shoplifting,3.401,8,16
data/raw/shoplifting/shoplifting/shoplifting-89.mp4,shoplifting,4.356,8,16
data/raw/shoplifting/shoplifting/shoplifting-89.mp4,shoplifting,5.181,8,16
data/raw/shoplifting/shoplifting/shoplifting-89.mp4,shoplifting,7.267,8,16
data/raw/shoplifting/shoplifting/shoplifting-27.mp4,shoplifting,6.613,8,16
data/raw/shoplifting/shoplifting/shoplifting-27.mp4,shoplifting,0.571,8,16
data/raw/shoplifting/shoplifting/shoplifting-27.mp4,shoplifting,1.327,8,16
data/raw/shoplifting/shoplifting/shoplifting-27.mp4,shoplifting,2.461,8,16
data/raw/shoplifting/shoplifting/shoplifting-27.mp4,shoplifting,5.992,8,16
data/raw/shoplifting/shoplifting/shoplifting-27.mp4,shoplifting,4.554,8,16
data/raw/shoplifting/shoplifting/shoplifting-22.mp4,shoplifting,2.309,8,16
data/raw/shoplifting/shoplifting/shoplifting-22.mp4,shoplifting,0.995,8,16
data/raw/shoplifting/shoplifting/shoplifting-22.mp4,shoplifting,5.509,8,16
data/raw/shoplifting/shoplifting/shoplifting-22.mp4,shoplifting,5.598,8,16
data/raw/shoplifting/shoplifting/shoplifting-22.mp4,shoplifting,7.541,8,16
data/raw/shoplifting/shoplifting/shoplifting-22.mp4,shoplifting,4.004,8,16
data/raw/shoplifting/shoplifting/shoplifting-15.mp4,shoplifting,3.950,8,16
data/raw/shoplifting/shoplifting/shoplifting-15.mp4,shoplifting,0.644,8,16
data/raw/shoplifting/shoplifting/shoplifting-15.mp4,shoplifting,0.319,8,16
data/raw/shoplifting/shoplifting/shoplifting-15.mp4,shoplifting,3.456,8,16
data/raw/shoplifting/shoplifting/shoplifting-15.mp4,shoplifting,2.579,8,16
data/raw/shoplifting/shoplifting/shoplifting-15.mp4,shoplifting,2.003,8,16
data/raw/shoplifting/shoplifting/shoplifting-2.mp4,shoplifting,0.731,8,16
data/raw/shoplifting/shoplifting/shoplifting-2.mp4,shoplifting,7.695,8,16
data/raw/shoplifting/shoplifting/shoplifting-2.mp4,shoplifting,6.688,8,16
data/raw/shoplifting/shoplifting/shoplifting-2.mp4,shoplifting,4.602,8,16
data/raw/shoplifting/shoplifting/shoplifting-2.mp4,shoplifting,7.606,8,16
data/raw/shoplifting/shoplifting/shoplifting-2.mp4,shoplifting,7.997,8,16
data/raw/shoplifting/shoplifting/shoplifting-87.mp4,shoplifting,5.378,8,16
data/raw/shoplifting/shoplifting/shoplifting-87.mp4,shoplifting,2.156,8,16
data/raw/shoplifting/shoplifting/shoplifting-87.mp4,shoplifting,0.322,8,16
data/raw/shoplifting/shoplifting/shoplifting-87.mp4,shoplifting,6.050,8,16
data/raw/shoplifting/shoplifting/shoplifting-87.mp4,shoplifting,3.764,8,16
data/raw/shoplifting/shoplifting/shoplifting-87.mp4,shoplifting,5.212,8,16
data/raw/shoplifting/shoplifting/shoplifting-7.mp4,shoplifting,7.329,8,16
data/raw/shoplifting/shoplifting/shoplifting-7.mp4,shoplifting,1.452,8,16
data/raw/shoplifting/shoplifting/shoplifting-7.mp4,shoplifting,4.683,8,16
data/raw/shoplifting/shoplifting/shoplifting-7.mp4,shoplifting,5.078,8,16
data/raw/shoplifting/shoplifting/shoplifting-7.mp4,shoplifting,3.934,8,16
data/raw/shoplifting/shoplifting/shoplifting-7.mp4,shoplifting,0.730,8,16
data/raw/shoplifting/shoplifting/shoplifting-81.mp4,shoplifting,2.784,8,16
data/raw/shoplifting/shoplifting/shoplifting-81.mp4,shoplifting,2.666,8,16
data/raw/shoplifting/shoplifting/shoplifting-81.mp4,shoplifting,5.361,8,16
data/raw/shoplifting/shoplifting/shoplifting-81.mp4,shoplifting,6.862,8,16
data/raw/shoplifting/shoplifting/shoplifting-81.mp4,shoplifting,2.638,8,16
data/raw/shoplifting/shoplifting/shoplifting-81.mp4,shoplifting,5.549,8,16
data/raw/shoplifting/shoplifting/shoplifting-35.mp4,shoplifting,2.306,8,16
data/raw/shoplifting/shoplifting/shoplifting-35.mp4,shoplifting,7.562,8,16
data/raw/shoplifting/shoplifting/shoplifting-35.mp4,shoplifting,6.509,8,16
data/raw/shoplifting/shoplifting/shoplifting-35.mp4,shoplifting,4.401,8,16
data/raw/shoplifting/shoplifting/shoplifting-35.mp4,shoplifting,3.639,8,16
data/raw/shoplifting/shoplifting/shoplifting-35.mp4,shoplifting,2.516,8,16
data/raw/shoplifting/shoplifting/shoplifting-52.mp4,shoplifting,2.586,8,16
data/raw/shoplifting/shoplifting/shoplifting-52.mp4,shoplifting,7.761,8,16
data/raw/shoplifting/shoplifting/shoplifting-52.mp4,shoplifting,3.233,8,16
data/raw/shoplifting/shoplifting/shoplifting-52.mp4,shoplifting,4.117,8,16
data/raw/shoplifting/shoplifting/shoplifting-52.mp4,shoplifting,7.905,8,16
data/raw/shoplifting/shoplifting/shoplifting-52.mp4,shoplifting,5.261,8,16
data/raw/shoplifting/shoplifting/shoplifting-93.mp4,shoplifting,4.341,8,16
data/raw/shoplifting/shoplifting/shoplifting-93.mp4,shoplifting,3.306,8,16
data/raw/shoplifting/shoplifting/shoplifting-93.mp4,shoplifting,1.501,8,16
data/raw/shoplifting/shoplifting/shoplifting-93.mp4,shoplifting,2.894,8,16
data/raw/shoplifting/shoplifting/shoplifting-93.mp4,shoplifting,6.052,8,16
data/raw/shoplifting/shoplifting/shoplifting-93.mp4,shoplifting,5.003,8,16
data/raw/shoplifting/shoplifting/shoplifting-6.mp4,shoplifting,6.080,8,16
data/raw/shoplifting/shoplifting/shoplifting-6.mp4,shoplifting,1.628,8,16
data/raw/shoplifting/shoplifting/shoplifting-6.mp4,shoplifting,4.394,8,16
data/raw/shoplifting/shoplifting/shoplifting-6.mp4,shoplifting,7.421,8,16
data/raw/shoplifting/shoplifting/shoplifting-6.mp4,shoplifting,3.505,8,16
data/raw/shoplifting/shoplifting/shoplifting-6.mp4,shoplifting,5.586,8,16
data/raw/shoplifting/shoplifting/shoplifting-82.mp4,shoplifting,0.971,8,16
data/raw/shoplifting/shoplifting/shoplifting-82.mp4,shoplifting,7.785,8,16
data/raw/shoplifting/shoplifting/shoplifting-82.mp4,shoplifting,4.871,8,16
data/raw/shoplifting/shoplifting/shoplifting-82.mp4,shoplifting,1.914,8,16
data/raw/shoplifting/shoplifting/shoplifting-82.mp4,shoplifting,1.267,8,16
data/raw/shoplifting/shoplifting/shoplifting-82.mp4,shoplifting,4.407,8,16
data/raw/shoplifting/shoplifting/shoplifting-72.mp4,shoplifting,4.418,8,16
data/raw/shoplifting/shoplifting/shoplifting-72.mp4,shoplifting,0.746,8,16
data/raw/shoplifting/shoplifting/shoplifting-72.mp4,shoplifting,7.938,8,16
data/raw/shoplifting/shoplifting/shoplifting-72.mp4,shoplifting,7.303,8,16
data/raw/shoplifting/shoplifting/shoplifting-72.mp4,shoplifting,3.692,8,16
data/raw/shoplifting/shoplifting/shoplifting-72.mp4,shoplifting,0.940,8,16
data/raw/shoplifting/shoplifting/shoplifting-75.mp4,shoplifting,6.657,8,16
data/raw/shoplifting/shoplifting/shoplifting-75.mp4,shoplifting,3.987,8,16
data/raw/shoplifting/shoplifting/shoplifting-75.mp4,shoplifting,5.733,8,16
data/raw/shoplifting/shoplifting/shoplifting-75.mp4,shoplifting,4.071,8,16
data/raw/shoplifting/shoplifting/shoplifting-75.mp4,shoplifting,2.187,8,16
data/raw/shoplifting/shoplifting/shoplifting-75.mp4,shoplifting,6.678,8,16
data/raw/shoplifting/shoplifting/shoplifting-38.mp4,shoplifting,7.842,8,16
data/raw/shoplifting/shoplifting/shoplifting-38.mp4,shoplifting,1.950,8,16
data/raw/shoplifting/shoplifting/shoplifting-38.mp4,shoplifting,4.410,8,16
data/raw/shoplifting/shoplifting/shoplifting-38.mp4,shoplifting,3.069,8,16
data/raw/shoplifting/shoplifting/shoplifting-38.mp4,shoplifting,7.375,8,16
data/raw/shoplifting/shoplifting/shoplifting-38.mp4,shoplifting,4.066,8,16
data/raw/shoplifting/shoplifting/shoplifting-25.mp4,shoplifting,7.035,8,16
data/raw/shoplifting/shoplifting/shoplifting-25.mp4,shoplifting,6.912,8,16
data/raw/shoplifting/shoplifting/shoplifting-25.mp4,shoplifting,2.210,8,16
data/raw/shoplifting/shoplifting/shoplifting-25.mp4,shoplifting,6.320,8,16
data/raw/shoplifting/shoplifting/shoplifting-25.mp4,shoplifting,3.320,8,16
data/raw/shoplifting/shoplifting/shoplifting-25.mp4,shoplifting,7.474,8,16
data/raw/shoplifting/shoplifting/shoplifting-4.mp4,shoplifting,4.062,8,16
data/raw/shoplifting/shoplifting/shoplifting-4.mp4,shoplifting,6.564,8,16
data/raw/shoplifting/shoplifting/shoplifting-4.mp4,shoplifting,2.263,8,16
data/raw/shoplifting/shoplifting/shoplifting-4.mp4,shoplifting,2.388,8,16
data/raw/shoplifting/shoplifting/shoplifting-4.mp4,shoplifting,4.696,8,16
data/raw/shoplifting/shoplifting/shoplifting-4.mp4,shoplifting,7.991,8,16
data/raw/shoplifting/shoplifting/shoplifting-26.mp4,shoplifting,3.917,8,16
data/raw/shoplifting/shoplifting/shoplifting-26.mp4,shoplifting,1.189,8,16
data/raw/shoplifting/shoplifting/shoplifting-26.mp4,shoplifting,4.309,8,16
data/raw/shoplifting/shoplifting/shoplifting-26.mp4,shoplifting,2.761,8,16
data/raw/shoplifting/shoplifting/shoplifting-26.mp4,shoplifting,4.415,8,16
data/raw/shoplifting/shoplifting/shoplifting-26.mp4,shoplifting,4.347,8,16
data/raw/shoplifting/shoplifting/shoplifting-63.mp4,shoplifting,3.643,8,16
data/raw/shoplifting/shoplifting/shoplifting-63.mp4,shoplifting,2.574,8,16
data/raw/shoplifting/shoplifting/shoplifting-63.mp4,shoplifting,1.509,8,16
data/raw/shoplifting/shoplifting/shoplifting-63.mp4,shoplifting,5.580,8,16
data/raw/shoplifting/shoplifting/shoplifting-63.mp4,shoplifting,4.574,8,16
data/raw/shoplifting/shoplifting/shoplifting-63.mp4,shoplifting,1.868,8,16
data/raw/shoplifting/shoplifting/shoplifting-56.mp4,shoplifting,6.204,8,16
data/raw/shoplifting/shoplifting/shoplifting-56.mp4,shoplifting,0.349,8,16
data/raw/shoplifting/shoplifting/shoplifting-56.mp4,shoplifting,5.958,8,16
data/raw/shoplifting/shoplifting/shoplifting-56.mp4,shoplifting,5.642,8,16
data/raw/shoplifting/shoplifting/shoplifting-56.mp4,shoplifting,6.491,8,16
data/raw/shoplifting/shoplifting/shoplifting-56.mp4,shoplifting,3.089,8,16
data/raw/shoplifting/shoplifting/shoplifting-68.mp4,shoplifting,5.310,8,16
data/raw/shoplifting/shoplifting/shoplifting-68.mp4,shoplifting,6.566,8,16
data/raw/shoplifting/shoplifting/shoplifting-68.mp4,shoplifting,7.847,8,16
data/raw/shoplifting/shoplifting/shoplifting-68.mp4,shoplifting,3.963,8,16
data/raw/shoplifting/shoplifting/shoplifting-68.mp4,shoplifting,0.296,8,16
data/raw/shoplifting/shoplifting/shoplifting-68.mp4,shoplifting,4.018,8,16
data/raw/shoplifting/shoplifting/shoplifting-86.mp4,shoplifting,4.721,8,16
data/raw/shoplifting/shoplifting/shoplifting-86.mp4,shoplifting,6.958,8,16
data/raw/shoplifting/shoplifting/shoplifting-86.mp4,shoplifting,6.994,8,16
data/raw/shoplifting/shoplifting/shoplifting-86.mp4,shoplifting,3.522,8,16
data/raw/shoplifting/shoplifting/shoplifting-86.mp4,shoplifting,4.208,8,16
data/raw/shoplifting/shoplifting/shoplifting-86.mp4,shoplifting,3.655,8,16
data/raw/shoplifting/shoplifting/shoplifting-90.mp4,shoplifting,5.780,8,16
data/raw/shoplifting/shoplifting/shoplifting-90.mp4,shoplifting,3.280,8,16
data/raw/shoplifting/shoplifting/shoplifting-90.mp4,shoplifting,5.238,8,16
data/raw/shoplifting/shoplifting/shoplifting-90.mp4,shoplifting,1.235,8,16
data/raw/shoplifting/shoplifting/shoplifting-90.mp4,shoplifting,3.756,8,16
data/raw/shoplifting/shoplifting/shoplifting-90.mp4,shoplifting,7.754,8,16
data/raw/shoplifting/shoplifting/shoplifting-46.mp4,shoplifting,2.708,8,16
data/raw/shoplifting/shoplifting/shoplifting-46.mp4,shoplifting,5.542,8,16
data/raw/shoplifting/shoplifting/shoplifting-46.mp4,shoplifting,5.199,8,16
data/raw/shoplifting/shoplifting/shoplifting-46.mp4,shoplifting,6.814,8,16
data/raw/shoplifting/shoplifting/shoplifting-46.mp4,shoplifting,6.819,8,16
data/raw/shoplifting/shoplifting/shoplifting-46.mp4,shoplifting,6.875,8,16
data/raw/shoplifting/shoplifting/shoplifting-76.mp4,shoplifting,3.040,8,16
data/raw/shoplifting/shoplifting/shoplifting-76.mp4,shoplifting,2.533,8,16
data/raw/shoplifting/shoplifting/shoplifting-76.mp4,shoplifting,5.750,8,16
data/raw/shoplifting/shoplifting/shoplifting-76.mp4,shoplifting,6.075,8,16
data/raw/shoplifting/shoplifting/shoplifting-76.mp4,shoplifting,6.979,8,16
data/raw/shoplifting/shoplifting/shoplifting-76.mp4,shoplifting,0.287,8,16
data/raw/shoplifting/shoplifting/shoplifting-34.mp4,shoplifting,0.547,8,16
data/raw/shoplifting/shoplifting/shoplifting-34.mp4,shoplifting,5.049,8,16
data/raw/shoplifting/shoplifting/shoplifting-34.mp4,shoplifting,7.367,8,16
data/raw/shoplifting/shoplifting/shoplifting-34.mp4,shoplifting,7.979,8,16
data/raw/shoplifting/shoplifting/shoplifting-34.mp4,shoplifting,5.974,8,16
data/raw/shoplifting/shoplifting/shoplifting-34.mp4,shoplifting,3.472,8,16
data/raw/shoplifting/shoplifting/shoplifting-17.mp4,shoplifting,0.788,8,16
data/raw/shoplifting/shoplifting/shoplifting-17.mp4,shoplifting,5.070,8,16
data/raw/shoplifting/shoplifting/shoplifting-17.mp4,shoplifting,6.981,8,16
data/raw/shoplifting/shoplifting/shoplifting-17.mp4,shoplifting,3.549,8,16
data/raw/shoplifting/shoplifting/shoplifting-17.mp4,shoplifting,5.552,8,16
data/raw/shoplifting/shoplifting/shoplifting-17.mp4,shoplifting,7.227,8,16
data/raw/shoplifting/shoplifting/shoplifting-40.mp4,shoplifting,0.368,8,16
data/raw/shoplifting/shoplifting/shoplifting-40.mp4,shoplifting,6.369,8,16
data/raw/shoplifting/shoplifting/shoplifting-40.mp4,shoplifting,2.347,8,16
data/raw/shoplifting/shoplifting/shoplifting-40.mp4,shoplifting,2.999,8,16
data/raw/shoplifting/shoplifting/shoplifting-40.mp4,shoplifting,1.165,8,16
data/raw/shoplifting/shoplifting/shoplifting-40.mp4,shoplifting,4.249,8,16
data/raw/shoplifting/shoplifting/shoplifting-57.mp4,shoplifting,4.527,8,16
data/raw/shoplifting/shoplifting/shoplifting-57.mp4,shoplifting,6.340,8,16
data/raw/shoplifting/shoplifting/shoplifting-57.mp4,shoplifting,1.360,8,16
data/raw/shoplifting/shoplifting/shoplifting-57.mp4,shoplifting,0.632,8,16
data/raw/shoplifting/shoplifting/shoplifting-57.mp4,shoplifting,6.967,8,16
data/raw/shoplifting/shoplifting/shoplifting-57.mp4,shoplifting,4.958,8,16
